{
  "target": "bmv2",
  "p4info": "build/ecn.p4info",
  "bmv2_json": "build/ecn.json",
  "table_entries": [
    {
      "table": "MyIngress.ipv4_lpm",
      "match": {
        "hdr.ipv4.dstAddr": ["10.0.3.3", 32]
      },
      "action_name": "MyIngress.ipv4_forward",
      "action_params": {
        "dstAddr": "00:00:00:00:03:03",
        "port": 1
      }
    },
    {
      "table": "MyIngress.ipv4_lpm",
      "match": {
        "hdr.ipv4.dstAddr": ["10.0.1.0", 24]
      },
      "action_name": "MyIngress.ipv4_forward",
      "action_params": {
        "dstAddr": "00:00:00:01:04:00",
        "port": 2
      }
    },
    {
      "table": "MyIngress.ipv4_lpm",
      "match": {
        "hdr.ipv4.dstAddr": ["10.0.2.0", 24]
      },
      "action_name": "MyIngress.ipv4_forward",
      "action_params": {
        "dstAddr": "00:00:00:02:04:00",
        "port": 3
      }
    }
  ]
}
